﻿<?xml version="1.0" encoding="UTF-8"?>
<GlobalConfigurations>
  <Channel>0</Channel>
  <Timeout>10</Timeout>
  <DeviceList>
    <Device>
      <ID>COM20c</ID>
      <Connection>COM20c</Connection>
      <DeviceType>NONE</DeviceType>
    </Device>
    <Device>
      <ID>COM21c</ID>
      <Connection>COM21c</Connection>
      <DeviceType>NONE</DeviceType>
    </Device>
    <Device>
      <ID>COM61</ID>
      <Connection>COM61</Connection>
      <DeviceType>NONE</DeviceType>
    </Device>
  </DeviceList>
</GlobalConfigurations>